id,web_url,abstract,title,keyword_one,keyword_two,keyword_three,keyword_four,keyword_five,published_date,section_name,subsection,image
100000010518781,https://www.nytimes.com/2025/11/11/arts/cleto-escobedo-dead-jimmy-kimmel-live.html,"Mr. Kimmel said that he and Mr. Escobedo, who led Cleto and the Cletones on “Jimmy Kimmel Live!,” had been “inseparable since I was 9 years old.”","Cleto Escobedo III, Jimmy Kimmel’s Bandleader, Dies at 59",Music,Deaths (Obituaries),,,,2025-11-11,Arts,,https://static01.nyt.com/images/2025/11/14/obituaries/11xp-escobedo-print1/11xp-escobedo-mediumThreeByTwo440.jpg
100000010494121,https://www.nytimes.com/2025/10/31/us/politics/usha-jd-vance-christianity-religion-hindu.html,"Critics included some Indian Americans, who said the remarks did not respect the religious decisions of Usha Vance, who grew up in a Hindu household.","Vance Says He Hopes His Wife Embraces Christianity, Setting Off Backlash",United States Politics and Government,Christians and Christianity,Religion and Belief,Indian-Americans,,2025-10-31,U.S.,Politics,https://static01.nyt.com/images/2025/10/31/multimedia/31nat-vance-religion-lgwp/31nat-vance-religion-lgwp-mediumThreeByTwo440.jpg
100000010520961,https://www.nytimes.com/2025/11/12/us/epstein-emails-trump.html,"Jeffrey Epstein cast himself as a Trump insider and wanted to leverage potentially damaging information about the president and his business dealings, according to emails with associates.","After Trump Split, Epstein Said He Could ‘Take Him Down’",Sex Crimes,Human Trafficking,Prostitution,Child Abuse and Neglect,,2025-11-12,U.S.,,https://static01.nyt.com/images/2025/11/12/multimedia/12trump-epstein-focus-whlm/12trump-epstein-focus-whlm-mediumThreeByTwo440.jpg
100000010480707,https://www.nytimes.com/2025/10/25/us/politics/timothy-mellon-donation-troops.html,Timothy Mellon is a billionaire and a major financial backer of President Trump.,Donor Who Gave $130 Million to Pay Troops Is Reclusive Heir to Mellon Fortune,Gifts to Public Officials,Philanthropy,United States Politics and Government,United States Defense and Military Forces,Government Employees,2025-10-25,U.S.,Politics,https://static01.nyt.com/images/2024/07/25/us/politics/24dc-donor/pol-mellon-1-mediumThreeByTwo440.jpg
100000010511203,https://www.nytimes.com/2025/11/10/us/politics/supreme-court-same-sex-marriage.html,"Kim Davis, a Kentucky county clerk who refused to issue same-sex marriage licenses, had asked the court to reconsider its landmark 2015 opinion.",Supreme Court Denies Request to Revisit Same-Sex Marriage Decision,"Same-Sex Marriage, Civil Unions and Domestic Partnerships",Homosexuality and Bisexuality,United States Politics and Government,Obergefell v Hodges (Supreme Court Decision),Law and Legislation,2025-11-10,U.S.,Politics,https://static01.nyt.com/images/2025/11/07/multimedia/00dc-scotus-davis2-lkqf/00dc-scotus-davis2-lkqf-mediumThreeByTwo440.jpg
100000010472162,https://www.nytimes.com/2025/11/02/magazine/marybeth-lewis-13-children-felony-charges.html,"MaryBeth Lewis’s desire to be a new mom again, at 65 years old, led to a custody battle like no other.",She Was Ready to Have Her 15th Child. Then Came the Felony Charges.,Parenting,In Vitro Fertilization,Surrogate Motherhood,Pregnancy and Childbirth,Suits and Litigation (Civil),2025-11-02,Magazine,,https://static01.nyt.com/images/2025/11/16/magazine/16mag-IVF-01/16mag-IVF-01-mediumThreeByTwo440-v3.jpg
100000010489425,https://www.nytimes.com/interactive/2025/11/04/us/elections/results-new-jersey-governor.html,Get live results and maps from the 2025 New Jersey Governor election.,New Jersey Governor Election Results,internal-paywall-exempt,Elections,"Elections, Governors",,,2025-11-04,U.S.,Elections,https://static01.nyt.com/images/2025/10/29/multimedia/eln-POST-2025-11-04-race-nj-governor-04c84f/eln-POST-2025-11-04-race-nj-governor-04c84f-mediumThreeByTwo440.jpg
100000010489423,https://www.nytimes.com/interactive/2025/11/04/us/elections/results-races-to-watch.html,See results from the most-watched races in the 2025 November general election.,The Results in Key Races,internal-paywall-exempt,Elections,"Elections, Mayors","Elections, Governors",,2025-11-04,U.S.,Elections,https://static01.nyt.com/images/2025/10/31/multimedia/eln-POST-2025-11-04-dashboard-a88554/eln-POST-2025-11-04-dashboard-a88554-mediumThreeByTwo440-v2.jpg
100000010519818,https://www.nytimes.com/2025/11/12/us/politics/epstein-emails-trump.html,"The House Oversight Committee on Wednesday released more than 20,000 pages of documents from Jeffrey Epstein’s estate. Times reporters provide context on key emails.",What Newly Released Emails Tell Us About Epstein and Trump,E-Mail,United States Politics and Government,Human Trafficking,Child Abuse and Neglect,Sex Crimes,2025-11-12,U.S.,Politics,https://static01.nyt.com/images/2025/11/12/multimedia/2025-11-12-epstein-emails-index/2025-11-12-epstein-emails-index-mediumThreeByTwo440-v2.jpg
100000010481897,https://www.nytimes.com/2025/10/26/world/europe/louvre-heist-arrests.html,"Thieves stole over $100 million in jewelry from the Paris museum. It is unclear how many people were arrested, but one man was caught while trying to leave France.","Police Make Arrests in Louvre Robbery, Authorities Say",Art,Museums,Robberies and Thefts,Jewels and Jewelry,internal-open-access-from-nl,2025-10-26,World,Europe,https://static01.nyt.com/images/2025/10/26/multimedia/26int-france-louvre-arrests-zhvf/26int-france-louvre-arrests-zhvf-mediumThreeByTwo440.jpg
100000010489428,https://www.nytimes.com/interactive/2025/11/04/us/elections/results-new-york-city-mayor.html,Get live results and maps from the 2025 New York City mayoral election.,New York City Mayoral Election Results ,internal-paywall-exempt,Elections,"Elections, Mayors",,,2025-11-04,U.S.,Elections,https://static01.nyt.com/images/2025/10/29/multimedia/eln-POST-2025-11-04-race-ny-mayor-new-york-city-cfc479/eln-POST-2025-11-04-race-ny-mayor-new-york-city-cfc479-mediumThreeByTwo440.jpg
100000010519041,https://www.nytimes.com/2025/11/12/us/politics/trump-epstein-emails.html,"In a message obtained by Congress, the convicted sex offender Jeffrey Epstein wrote that Donald J. Trump spent hours at his house with one of Mr. Epstein’s victims.",Epstein Alleged in Emails That Trump Knew of His Conduct,United States Politics and Government,Sex Crimes,Child Abuse and Neglect,internal-open-access-from-nl,,2025-11-12,U.S.,Politics,https://static01.nyt.com/images/2025/11/12/multimedia/12dc-cong-epstein-klgw/12dc-cong-epstein-klgw-mediumThreeByTwo440.jpg
100000010540404,https://www.nytimes.com/2025/11/21/us/politics/marjorie-taylor-greene-resigns.html,"Ms. Greene, who was elected in 2020, had positioned herself as a die-hard Trump supporter until a series of recent ruptures with the president, who recently unendorsed her.",Marjorie Taylor Greene Says She Plans to Resign in January,United States Politics and Government,Right-Wing Extremism and Alt-Right,,,,2025-11-21,U.S.,Politics,https://static01.nyt.com/images/2025/11/16/multimedia/21dc-Greene/16trump-news-promo-12pm-pzkg-mediumThreeByTwo440.jpg
100000010483530,https://www.nytimes.com/2025/11/01/magazine/jennifer-lawrence-interview.html,"At only 35, the actress has been through the celebrity wringer. Here’s where she landed.",Jennifer Lawrence Regrets Everything She’s Ever Said or Done,Movies,Actors and Actresses,Content Type: Personal Profile,,,2025-11-01,Magazine,,https://static01.nyt.com/images/2025/11/09/magazine/09mag-interview-lawrence-04/09mag-interview-lawrence-04-mediumThreeByTwo440.jpg
100000010407014,https://www.nytimes.com/interactive/polls/new-jersey-governor-election-polls-2025.html,Track the latest polls about Democrat Mikie Sherrill and Republican Jack Ciattarelli in the New Jersey gubernatorial election.,New Jersey Governor Election 2025: Latest Polls,Polls and Public Opinion,"Elections, Governors",Governors (US),,,2025-09-18,Polls,,https://static01.nyt.com/images/2025/09/17/multimedia/2025-polling-averages-new-jersey-governor-election-polls-2025/2025-polling-averages-new-jersey-governor-election-polls-2025-mediumThreeByTwo440-v7.jpg
100000010489426,https://www.nytimes.com/interactive/2025/11/04/us/elections/results-virginia-governor.html,Get live results and maps from the 2025 Virginia Governor election.,Virginia Governor Election Results,internal-paywall-exempt,Elections,"Elections, Governors",,,2025-11-04,U.S.,Elections,https://static01.nyt.com/images/2025/10/29/multimedia/eln-POST-2025-11-04-race-va-governor-4d9a1e/eln-POST-2025-11-04-race-va-governor-4d9a1e-mediumThreeByTwo440.jpg
100000010524928,https://www.nytimes.com/2025/11/16/style/epstein-emails-reveal-a-lost-new-york.html,The disgraced financier’s recently released documents are steeped in a clubby world that is all but gone.,Epstein Emails Reveal a Bygone Elite,News and News Media,Sex Crimes,Sexual Harassment,,,2025-11-16,Style,,https://static01.nyt.com/images/2025/11/15/multimedia/15ST-EPSTEIN-LOST-MANHATTAN-top-zhtl/15ST-EPSTEIN-LOST-MANHATTAN-top-zhtl-mediumThreeByTwo440.jpg
100000010217765,https://www.nytimes.com/interactive/polls/nyc-mayoral-election-polls-2025.html,"Track the latest polls about Mamdani, Cuomo, Adams and Sliwa in the New York City mayoral election.",New York City Mayoral Election 2025: Latest Polls,Polls and Public Opinion,Mayors,Elections,"Elections, Mayors",internal-disable-fab,2025-06-10,Polls,,https://static01.nyt.com/images/2025/08/18/multimedia/2025-polling-averages-nyc-mayoral-election-polls-2025/2025-polling-averages-nyc-mayoral-election-polls-2025-mediumThreeByTwo440-v2.jpg
100000010530813,https://www.nytimes.com/2025/11/19/us/politics/comey-vindictive-prosecution-trump.html,"Grand jurors have to vote on indictments to approve them, but a prosecutor told the judge in the case that only the foreperson formally approved the second charging document, a move that could cripple the case.",Trump Loyalist Admits Grand Jury Never Saw Final Comey Indictment,Prosecutorial Misconduct,United States Attorneys,Federal Courts (US),United States Politics and Government,,2025-11-19,U.S.,Politics,https://static01.nyt.com/images/2025/11/18/us/politics/dc-comey/dc-comey-mediumThreeByTwo440.jpg
100000010471637,https://www.nytimes.com/interactive/2025/10/21/weather/melissa-map-path-tracker.html,See the likely path and wind arrival times for Melissa,Tracking Post-Tropical Cyclone Melissa,Hurricanes and Tropical Storms,Weather,internal-open-access-from-nl,,,2025-10-21,Weather,,https://static01.nyt.com/images/2025/10/21/weather/melissa-map-path-tracker-index/melissa-map-path-tracker-index-mediumThreeByTwo440-v220.jpg
